model,accuracy,precision,recall,f1_score,specificity,roc_auc
logistic_regression,0.8246666666666667,0.14666666666666667,0.8627450980392157,0.25071225071225073,0.8233264320220842,0.9186863151057524
random_forest,0.9633333333333334,0.4787234042553192,0.8823529411764706,0.6206896551724138,0.966183574879227,0.9773474607234198
xgboost,0.9713333333333334,0.5487804878048781,0.8823529411764706,0.6766917293233082,0.9744651483781919,0.9820836547179258
lightgbm,0.978,0.6216216216216216,0.9019607843137255,0.736,0.9806763285024155,0.9870498924207364
xgboost_optimized,0.9433333333333334,0.36923076923076925,0.9411764705882353,0.5303867403314917,0.9434092477570738,0.9810010960906101
