model,accuracy,precision,recall,f1_score,specificity,roc_auc
logistic_regression,0.8246666666666667,0.14666666666666667,0.8627450980392157,0.25071225071225073,0.8233264320220842,0.9186863151057524
random_forest,0.964,0.4838709677419355,0.8823529411764706,0.625,0.9668737060041408,0.9773880566719441
xgboost,0.974,0.5769230769230769,0.8823529411764706,0.6976744186046512,0.9772256728778468,0.9842487719725571
lightgbm,0.978,0.6216216216216216,0.9019607843137255,0.736,0.9806763285024155,0.9870498924207364
xgboost_optimized,0.944,0.3700787401574803,0.9215686274509803,0.5280898876404494,0.9447895100069013,0.9838022165387894
