{
  "model_name": "xgboost_optimized",
  "metrics": {
    "accuracy": 0.944,
    "precision": 0.3700787401574803,
    "recall": 0.9215686274509803,
    "f1_score": 0.5280898876404494,
    "specificity": 0.9447895100069013,
    "roc_auc": 0.9838022165387894
  },
  "classification_report": {
    "No Failure": {
      "precision": 0.9970866715222141,
      "recall": 0.9447895100069013,
      "f1-score": 0.9702338766832034,
      "support": 1449.0
    },
    "Failure": {
      "precision": 0.3700787401574803,
      "recall": 0.9215686274509803,
      "f1-score": 0.5280898876404494,
      "support": 51.0
    },
    "accuracy": 0.944,
    "macro avg": {
      "precision": 0.6835827058398471,
      "recall": 0.9331790687289407,
      "f1-score": 0.7491618821618264,
      "support": 1500.0
    },
    "weighted avg": {
      "precision": 0.9757684018558132,
      "recall": 0.944,
      "f1-score": 0.9552009810557497,
      "support": 1500.0
    }
  }
}