{
  "model_name": "xgboost_optimized",
  "metrics": {
    "accuracy": 0.9433333333333334,
    "precision": 0.36923076923076925,
    "recall": 0.9411764705882353,
    "f1_score": 0.5303867403314917,
    "specificity": 0.9434092477570738,
    "roc_auc": 0.9810010960906101
  },
  "classification_report": {
    "No Failure": {
      "precision": 0.9978102189781022,
      "recall": 0.9434092477570738,
      "f1-score": 0.9698474636395885,
      "support": 1449.0
    },
    "Failure": {
      "precision": 0.36923076923076925,
      "recall": 0.9411764705882353,
      "f1-score": 0.5303867403314917,
      "support": 51.0
    },
    "accuracy": 0.9433333333333334,
    "macro avg": {
      "precision": 0.6835204941044357,
      "recall": 0.9422928591726545,
      "f1-score": 0.7501171019855402,
      "support": 1500.0
    },
    "weighted avg": {
      "precision": 0.9764385176866928,
      "recall": 0.9433333333333334,
      "f1-score": 0.9549057990471133,
      "support": 1500.0
    }
  }
}